id,sta,ydec,doy,x,y,z,zone,utm_e,utm_n,lat,lon,ell_h,msl_h
LSN1167,LSN1,2020.4562841530055,167,-1088138.33303,6196941.04080,1042730.29347,47,605293.7218,1047220.4983,9.472357989911,99.959198791771,8.3036,31.4022
LSN1168,LSN1,2020.4590163934427,168,-1088138.33238,6196941.03501,1042730.29195,47,605293.7222,1047220.4977,9.472357985062,99.959198795083,8.2976,31.3962
LSN1169,LSN1,2020.4617486338798,169,-1088138.32187,6196941.02352,1042730.28695,47,605293.7138,1047220.4949,9.472357960002,99.959198718885,8.2838,31.3824
LSN1170,LSN1,2020.464480874317,170,-1088138.33208,6196941.03952,1042730.28815,47,605293.7211,1047220.4932,9.472357944617,99.959198785226,8.3013,31.3999
LSN1171,LSN1,2020.467213114754,171,-1088138.31722,6196941.03897,1042730.28970,47,605293.7066,1047220.4953,9.472357963103,99.959198652868,8.2985,31.3971
LSN1172,LSN1,2020.4699453551912,172,-1088138.32314,6196941.04576,1042730.29232,47,605293.7112,1047220.4966,9.472357974976,99.959198695290,8.3065,31.4051
LSN1173,LSN1,2020.4726775956285,173,-1088138.32530,6196941.06664,1042730.29364,47,605293.7097,1047220.4944,9.472357955586,99.959198681709,8.3274,31.4260
LSN1174,LSN1,2020.4754098360656,174,-1088138.33010,6196941.05015,1042730.29451,47,605293.7173,1047220.4978,9.472357986245,99.959198750740,8.3124,31.4109
LSN1175,LSN1,2020.4781420765028,175,-1088138.32657,6196941.03849,1042730.28939,47,605293.7159,1047220.4948,9.472357958621,99.959198737431,8.2996,31.3982
LSN1176,LSN1,2020.48087431694,176,-1088138.32383,6196941.03156,1042730.29013,47,605293.7144,1047220.4967,9.472357976086,99.959198723791,8.2925,31.3911
LSN1177,LSN1,2020.483606557377,177,-1088138.33510,6196941.04454,1042730.29374,47,605293.7232,1047220.4979,9.472357986364,99.959198804456,8.3076,31.4062
LSN1178,LSN1,2020.4863387978141,178,-1088138.33115,6196941.03975,1042730.29365,47,605293.7201,1047220.4987,9.472357993587,99.959198776541,8.3023,31.4009
LSN1181,LSN1,2020.4945355191257,181,-1088138.32856,6196941.03886,1042730.29540,47,605293.7177,1047220.5006,9.472358011136,99.959198754721,8.3013,31.3999
LSN1182,LSN1,2020.4972677595629,182,-1088138.32919,6196941.04185,1042730.28890,47,605293.7179,1047220.4937,9.472357948694,99.959198755694,8.3032,31.4018
LSN1183,LSN1,2020.5,183,-1088138.33232,6196941.04140,1042730.29148,47,605293.7210,1047220.4962,9.472357971520,99.959198784433,8.3037,31.4023
LSN1184,LSN1,2020.5027322404371,184,-1088138.32626,6196941.03448,1042730.28781,47,605293.7163,1047220.4939,9.472357950462,99.959198740988,8.2954,31.3940
LSN1185,LSN1,2020.5054644808743,185,-1088138.33603,6196941.04772,1042730.29058,47,605293.7236,1047220.4942,9.472357953257,99.959198807767,8.3104,31.4089
LSN1186,LSN1,2020.5081967213114,186,-1088138.33465,6196941.03978,1042730.28621,47,605293.7236,1047220.4912,9.472357926287,99.959198807895,8.3017,31.4003
LSN1187,LSN1,2020.5109289617487,187,-1088138.33573,6196941.04071,1042730.29237,47,605293.7245,1047220.4971,9.472357979555,99.959198816144,8.3038,31.4024
LSN1188,LSN1,2020.5136612021859,188,-1088138.32601,6196941.03192,1042730.28574,47,605293.7165,1047220.4923,9.472357935826,99.959198742795,8.2925,31.3911
LSN1189,LSN1,2020.516393442623,189,-1088138.33060,6196941.02652,1042730.28578,47,605293.7219,1047220.4931,9.472357942909,99.959198792477,8.2880,31.3866
LSN1190,LSN1,2020.51912568306,190,-1088138.33177,6196941.04429,1042730.28216,47,605293.7200,1047220.4866,9.472357884345,99.959198774990,8.3049,31.4035
LSN1191,LSN1,2020.5218579234972,191,-1088138.33591,6196941.03848,1042730.29045,47,605293.7251,1047220.4956,9.472357965662,99.959198821221,8.3013,31.3999
LSN1192,LSN1,2020.5245901639344,192,-1088138.33137,6196941.05097,1042730.29166,47,605293.7184,1047220.4949,9.472357959350,99.959198760841,8.3129,31.4115
LSN1193,LSN1,2020.5273224043715,193,-1088138.32864,6196941.03651,1042730.28496,47,605293.7183,1047220.4907,9.472357921478,99.959198759184,8.2973,31.3959
LSN1194,LSN1,2020.5300546448088,194,-1088138.33545,6196941.04217,1042730.28607,47,605293.7240,1047220.4907,9.472357921340,99.959198811333,8.3041,31.4027
LSN1195,LSN1,2020.532786885246,195,-1088138.33412,6196941.03879,1042730.28678,47,605293.7233,1047220.4920,9.472357932973,99.959198804671,8.3007,31.3993
LSN1196,LSN1,2020.535519125683,196,-1088138.33341,6196941.03767,1042730.28883,47,605293.7227,1047220.4942,9.472357953076,99.959198800127,8.2999,31.3985
LSN1197,LSN1,2020.5382513661202,197,-1088138.33231,6196941.03530,1042730.28714,47,605293.7221,1047220.4929,9.472357941772,99.959198793955,8.2971,31.3957
LSN1198,LSN1,2020.5409836065573,198,-1088138.33135,6196941.04163,1042730.28845,47,605293.7200,1047220.4932,9.472357944440,99.959198775388,8.3033,31.4019
LSN1199,LSN1,2020.5437158469945,199,-1088138.32844,6196941.04852,1042730.28988,47,605293.7160,1047220.4936,9.472357947790,99.959198738445,8.3097,31.4083
LSN1200,LSN1,2020.5464480874316,200,-1088138.32684,6196941.03615,1042730.28460,47,605293.7166,1047220.4904,9.472357919233,99.959198743588,8.2966,31.3952
LSN1201,LSN1,2020.549180327869,201,-1088138.32195,6196941.04865,1042730.28831,47,605293.7096,1047220.4922,9.472357935315,99.959198679998,8.3085,31.4071
LSN1202,LSN1,2020.551912568306,202,-1088138.34546,6196941.04952,1042730.28942,47,605293.7326,1047220.4925,9.472357937892,99.959198889533,8.3135,31.4121
LSN1203,LSN1,2020.5546448087432,203,-1088138.31989,6196941.06453,1042730.29263,47,605293.7048,1047220.4939,9.472357951106,99.959198636532,8.3243,31.4229
LSN1204,LSN1,2020.5573770491803,204,-1088138.34569,6196941.05413,1042730.29628,47,605293.7320,1047220.4985,9.472357992247,99.959198884316,8.3192,31.4178
LSN1205,LSN1,2020.5601092896175,205,-1088138.35608,6196940.93120,1042730.27033,47,605293.7635,1047220.4927,9.472357938258,99.959199171085,8.1973,31.2958
LSN1206,LSN1,2020.5628415300546,206,-1088138.30550,6196941.03742,1042730.28936,47,605293.6953,1047220.4955,9.472357965303,99.959198550202,8.2949,31.3935
LSN1207,LSN1,2020.5655737704917,207,-1088138.33672,6196941.01176,1042730.28568,47,605293.7305,1047220.4952,9.472357962083,99.959198870613,8.2747,31.3733
LSN1208,LSN1,2020.568306010929,208,-1088138.33283,6196941.02080,1042730.28221,47,605293.7251,1047220.4904,9.472357918939,99.959198821485,8.2823,31.3809
LSN1209,LSN1,2020.5710382513662,209,-1088138.32694,6196941.08776,1042730.29822,47,605293.7077,1047220.4955,9.472357965077,99.959198663153,8.3490,31.4476
LSN1210,LSN1,2020.5737704918033,210,-1088138.32980,6196941.04070,1042730.28612,47,605293.7187,1047220.4911,9.472357925415,99.959198762971,8.3017,31.4003
LSN1211,LSN1,2020.5765027322404,211,-1088138.30576,6196941.05237,1042730.28601,47,605293.6930,1047220.4897,9.472357913506,99.959198528963,8.3090,31.4075
LSN1212,LSN1,2020.5792349726776,212,-1088138.32496,6196940.98190,1042730.27061,47,605293.7241,1047220.4855,9.472357874505,99.959198812180,8.2412,31.3398
LSN1213,LSN1,2020.5819672131147,213,-1088138.26714,6196941.10818,1042730.33314,47,605293.6452,1047220.5281,9.472358261958,99.959198094620,8.3644,31.4629
LSN1214,LSN1,2020.5846994535518,214,-1088138.32273,6196941.01894,1042730.28545,47,605293.7155,1047220.4942,9.472357953158,99.959198733847,8.2793,31.3779
LSN1215,LSN1,2020.5874316939892,215,-1088138.33336,6196941.00086,1042730.27891,47,605293.7291,1047220.4904,9.472357918519,99.959198857642,8.2625,31.3611
LSN1216,LSN1,2020.5901639344263,216,-1088138.36073,6196941.04552,1042730.30116,47,605293.7483,1047220.5044,9.472358044479,99.959199032755,8.3142,31.4128
LSN1217,LSN1,2020.5928961748634,217,-1088138.33388,6196941.05677,1042730.30082,47,605293.7199,1047220.5029,9.472358031861,99.959198774244,8.3205,31.4191
LSN1218,LSN1,2020.5956284153006,218,-1088138.36096,6196940.99607,1042730.28936,47,605293.7571,1047220.5008,9.472358011703,99.959199112759,8.2642,31.3628
LSN1219,LSN1,2020.5983606557377,219,-1088138.30930,6196941.03059,1042730.29044,47,605293.7002,1047220.4976,9.472357984032,99.959198594984,8.2891,31.3877
LSN1220,LSN1,2020.6010928961748,220,-1088138.31528,6196941.03382,1042730.27040,47,605293.7056,1047220.4771,9.472357798998,99.959198643577,8.2900,31.3886
LSN1221,LSN1,2020.603825136612,221,-1088138.31971,6196941.03446,1042730.28028,47,605293.7098,1047220.4866,9.472357885026,99.959198682300,8.2930,31.3916
LSN1222,LSN1,2020.6065573770493,222,-1088138.31728,6196941.03549,1042730.28693,47,605293.7072,1047220.4931,9.472357943448,99.959198658866,8.2947,31.3933
LSN1223,LSN1,2020.6092896174864,223,-1088138.31231,6196941.06572,1042730.28848,47,605293.6971,1047220.4898,9.472357914284,99.959198566639,8.3235,31.4220
LSN1224,LSN1,2020.6120218579235,224,-1088138.34847,6196941.03584,1042730.28791,47,605293.7379,1047220.4932,9.472357943687,99.959198938089,8.3005,31.3991
LSN1225,LSN1,2020.6147540983607,225,-1088138.31894,6196941.06636,1042730.28624,47,605293.7036,1047220.4873,9.472357891681,99.959198625135,8.3248,31.4234
LSN1226,LSN1,2020.6174863387978,226,-1088138.31777,6196941.03036,1042730.28537,47,605293.7086,1047220.4924,9.472357936923,99.959198671296,8.2895,31.3881
LSN1227,LSN1,2020.620218579235,227,-1088138.34757,6196941.06993,1042730.29166,47,605293.7311,1047220.4914,9.472357927399,99.959198876296,8.3341,31.4327
LSN1228,LSN1,2020.622950819672,228,-1088138.41401,6196941.08872,1042730.28922,47,605293.7933,1047220.4842,9.472357861010,99.959199442631,8.3633,31.4619
LSN1229,LSN1,2020.6256830601094,229,-1088138.31810,6196941.00634,1042730.28241,47,605293.7131,1047220.4933,9.472357945646,99.959198712122,8.2658,31.3643
LSN1230,LSN1,2020.6284153005465,230,-1088138.25801,6196941.02660,1042730.27346,47,605293.6505,1047220.4828,9.472357851592,99.959198141272,8.2737,31.3723
LSN1231,LSN1,2020.6311475409836,231,-1088138.30379,6196941.07163,1042730.30238,47,605293.6877,1047220.5028,9.472358031791,99.959198480947,8.3300,31.4286
LSN1232,LSN1,2020.6338797814208,232,-1088138.32597,6196941.05264,1042730.29119,47,605293.7128,1047220.4943,9.472357954136,99.959198709783,8.3135,31.4121
LSN1233,LSN1,2020.636612021858,233,-1088138.31782,6196941.03114,1042730.27742,47,605293.7086,1047220.4844,9.472357864906,99.959198670551,8.2890,31.3876
LSN1234,LSN1,2020.639344262295,234,-1088138.35483,6196941.05661,1042730.27482,47,605293.7406,1047220.4767,9.472357794838,99.959198962415,8.3196,31.4182
LSN1235,LSN1,2020.6420765027322,235,-1088138.33398,6196941.04584,1042730.28835,47,605293.7219,1047220.4924,9.472357936650,99.959198792377,8.3078,31.4064
LSN1236,LSN1,2020.6448087431695,236,-1088138.36937,6196941.05231,1042730.30493,47,605293.7556,1047220.5068,9.472358065955,99.959199099567,8.3229,31.4215
LSN1237,LSN1,2020.6475409836066,237,-1088138.34242,6196941.08930,1042730.28733,47,605293.7227,1047220.4841,9.472357861689,99.959198799638,8.3513,31.4499
LSN1238,LSN1,2020.6502732240438,238,-1088138.32555,6196941.06880,1042730.29569,47,605293.7096,1047220.4961,9.472357970647,99.959198680567,8.3299,31.4285
LSN1239,LSN1,2020.6530054644809,239,-1088138.32142,6196941.04589,1042730.29456,47,605293.7095,1047220.4988,9.472357995225,99.959198679643,8.3067,31.4053
LSN1240,LSN1,2020.655737704918,240,-1088138.33553,6196941.02929,1042730.28607,47,605293.7263,1047220.4928,9.472357940159,99.959198832319,8.2916,31.3902
LSN1241,LSN1,2020.6584699453551,241,-1088138.30843,6196940.98053,1042730.27746,47,605293.7080,1047220.4929,9.472357941816,99.959198666032,8.2382,31.3368
LSN1242,LSN1,2020.6612021857923,242,-1088138.34632,6196941.07752,1042730.28236,47,605293.7286,1047220.4810,9.472357833622,99.959198853122,8.3397,31.4383
LSN1243,LSN1,2020.6639344262296,243,-1088138.31346,6196941.02742,1042730.27635,47,605293.7049,1047220.4841,9.472357861968,99.959198637294,8.2844,31.3830
LSN1244,LSN1,2020.6666666666667,244,-1088138.35593,6196941.12783,1042730.28596,47,605293.7294,1047220.4761,9.472357789504,99.959198860118,8.3908,31.4894
LSN1245,LSN1,2020.6693989071039,245,-1088138.25934,6196940.98754,1042730.31420,47,605293.6584,1047220.5293,9.472358271841,99.959198214668,8.2427,31.3413
LSN1246,LSN1,2020.672131147541,246,-1088138.32830,6196941.06773,1042730.28651,47,605293.7125,1047220.4871,9.472357889622,99.959198706920,8.3278,31.4264
LSN1247,LSN1,2020.6748633879781,247,-1088138.38036,6196941.04982,1042730.28342,47,605293.7669,1047220.4857,9.472357874948,99.959199202092,8.3188,31.4174
LSN1248,LSN1,2020.6775956284152,248,-1088138.28439,6196941.08754,1042730.25247,47,605293.6660,1047220.4515,9.472357568374,99.959198281847,8.3340,31.4326
LSN1249,LSN1,2020.6803278688524,249,-1088138.37553,6196941.01984,1042730.29032,47,605293.7673,1047220.4975,9.472357981633,99.959199206000,8.2900,31.3886
LSN1250,LSN1,2020.6830601092897,250,-1088138.37611,6196941.02972,1042730.28257,47,605293.7662,1047220.4882,9.472357897948,99.959199195619,8.2984,31.3970
LSN1251,LSN1,2020.6857923497269,251,-1088138.34580,6196941.00959,1042730.27625,47,605293.7398,1047220.4860,9.472357878869,99.959198955463,8.2726,31.3712
LSN1252,LSN1,2020.688524590164,252,-1088138.34048,6196940.98749,1042730.29628,47,605293.7383,1047220.5095,9.472358091211,99.959198942588,8.2535,31.3521
LSN1253,LSN1,2020.691256830601,253,-1088138.32081,6196941.07800,1042730.26894,47,605293.7034,1047220.4683,9.472357719812,99.959198623623,8.3336,31.4322
LSN1254,LSN1,2020.6939890710382,254,-1088138.30673,6196941.01511,1042730.28245,47,605293.7004,1047220.4923,9.472357936138,99.959198596355,8.2723,31.3709
LSN1255,LSN1,2020.6967213114754,255,-1088138.25466,6196940.96337,1042730.28350,47,605293.6580,1047220.5030,9.472358034696,99.959198210832,8.2134,31.3120
LSN1256,LSN1,2020.6994535519125,256,-1088138.31618,6196941.02524,1042730.30911,47,605293.7079,1047220.5167,9.472358156600,99.959198665127,8.2882,31.3868
LSN1257,LSN1,2020.7021857923498,257,-1088138.22696,6196941.12805,1042730.28466,47,605293.6023,1047220.4781,9.472357810771,99.959197702943,8.3688,31.4674
LSN1258,LSN1,2020.704918032787,258,-1088138.36573,6196941.01555,1042730.28138,47,605293.7584,1047220.4896,9.472357910701,99.959199124858,8.2827,31.3812
LSN1259,LSN1,2020.707650273224,259,-1088138.25950,6196941.14585,1042730.27179,47,605293.6313,1047220.4617,9.472357661600,99.959197966760,8.3896,31.4881
LSN1260,LSN1,2020.7103825136612,260,-1088138.26673,6196941.03530,1042730.29755,47,605293.6575,1047220.5049,9.472358051433,99.959198205811,8.2876,31.3862
LSN1261,LSN1,2020.7131147540983,261,-1088138.26391,6196940.96446,1042730.28204,47,605293.6670,1047220.5012,9.472358017718,99.959198292065,8.2158,31.3144
LSN1262,LSN1,2020.7158469945355,262,-1088138.20839,6196941.01237,1042730.27127,47,605293.6040,1047220.4842,9.472357865679,99.959197718612,8.2511,31.3497
LSN1263,LSN1,2020.7185792349726,263,-1088138.31284,6196940.97240,1042730.27430,47,605293.7138,1047220.4910,9.472357924390,99.959198718376,8.2306,31.3291
LSN1264,LSN1,2020.72131147541,264,-1088138.32187,6196941.03133,1042730.28729,47,605293.7125,1047220.4940,9.472357951614,99.959198706565,8.2915,31.3901
LSN1265,LSN1,2020.724043715847,265,-1088138.31367,6196941.00609,1042730.28447,47,605293.7088,1047220.4955,9.472357965493,99.959198672781,8.2651,31.3637
LSN1266,LSN1,2020.7267759562842,266,-1088138.30475,6196941.00021,1042730.27575,47,605293.7010,1047220.4881,9.472357898696,99.959198602009,8.2564,31.3550
LSN1267,LSN1,2020.7295081967213,267,-1088138.33807,6196941.01141,1042730.29166,47,605293.7319,1047220.5011,9.472358015589,99.959198883241,8.2756,31.3742
LSN1268,LSN1,2020.7322404371585,268,-1088138.29653,6196941.06269,1042730.29354,47,605293.6821,1047220.4957,9.472357967931,99.959198429948,8.3187,31.4172
LSN1269,LSN1,2020.7349726775956,269,-1088138.31617,6196941.03487,1042730.27996,47,605293.7063,1047220.4863,9.472357882476,99.959198649886,8.2927,31.3913
LSN1270,LSN1,2020.7377049180327,270,-1088138.31088,6196940.99200,1042730.27960,47,605293.7085,1047220.4931,9.472357943456,99.959198669994,8.2501,31.3487
LSN1271,LSN1,2020.74043715847,271,-1088138.31096,6196941.02433,1042730.28460,47,605293.7030,1047220.4928,9.472357940636,99.959198619737,8.2824,31.3810
LSN1272,LSN1,2020.7431693989072,272,-1088138.29773,6196940.98848,1042730.25834,47,605293.6962,1047220.4730,9.472357762455,99.959198557506,8.2410,31.3396
LSN1273,LSN1,2020.7459016393443,273,-1088138.29650,6196941.00705,1042730.26318,47,605293.6918,1047220.4748,9.472357778657,99.959198517307,8.2596,31.3582
LSN1274,LSN1,2020.7486338797814,274,-1088138.33306,6196941.02441,1042730.28654,47,605293.7247,1047220.4941,9.472357952137,99.959198817897,8.2865,31.3851
LSN1275,LSN1,2020.7513661202186,275,-1088138.35001,6196941.03186,1042730.28436,47,605293.7401,1047220.4903,9.472357917451,99.959198958142,8.2963,31.3949
LSN1276,LSN1,2020.7540983606557,276,-1088138.33929,6196941.03916,1042730.29216,47,605293.7283,1047220.4971,9.472357979096,99.959198850482,8.3029,31.4015
LSN1279,LSN1,2020.7622950819673,279,-1088138.31622,6196941.03096,1042730.27879,47,605293.7070,1047220.4858,9.472357877814,99.959198656506,8.2888,31.3873
LSN1280,LSN1,2020.7650273224044,280,-1088138.31863,6196941.01861,1042730.27838,47,605293.7115,1047220.4874,9.472357891608,99.959198697513,8.2771,31.3757
LSN1281,LSN1,2020.7677595628415,281,-1088138.31715,6196941.02427,1042730.27779,47,605293.7091,1047220.4859,9.472357878431,99.959198675399,8.2823,31.3808
LSN1282,LSN1,2020.7704918032787,282,-1088138.30008,6196941.00875,1042730.27950,47,605293.6949,1047220.4905,9.472357920842,99.959198546698,8.2646,31.3631
LSN1283,LSN1,2020.7732240437158,283,-1088138.37235,6196941.01922,1042730.29145,47,605293.7643,1047220.4988,9.472357993447,99.959199178397,8.2890,31.3876
LSN1284,LSN1,2020.775956284153,284,-1088138.33423,6196941.02748,1042730.28693,47,605293.7253,1047220.4940,9.472357950874,99.959198823479,8.2898,31.3884
LSN1285,LSN1,2020.77868852459,285,-1088138.32197,6196941.02932,1042730.28565,47,605293.7129,1047220.4927,9.472357939854,99.959198710694,8.2893,31.3879
LSN1286,LSN1,2020.7814207650274,286,-1088138.37464,6196941.03647,1042730.29020,47,605293.7635,1047220.4947,9.472357956444,99.959199171762,8.3060,31.4045
LSN1287,LSN1,2020.7841530054645,287,-1088138.32815,6196941.03430,1042730.28590,47,605293.7182,1047220.4920,9.472357933204,99.959198758248,8.2952,31.3938
LSN1288,LSN1,2020.7868852459017,288,-1088138.33067,6196941.03296,1042730.28709,47,605293.7209,1047220.4933,9.472357945142,99.959198782981,8.2945,31.3931
LSN1289,LSN1,2020.7896174863388,289,-1088138.31831,6196940.99613,1042730.28290,47,605293.7151,1047220.4955,9.472357964957,99.959198730075,8.2560,31.3545
LSN1290,LSN1,2020.792349726776,290,-1088138.32806,6196941.03655,1042730.28682,47,605293.7177,1047220.4925,9.472357938193,99.959198753876,8.2975,31.3961
LSN1291,LSN1,2020.795081967213,291,-1088138.29423,6196940.99470,1042730.28885,47,605293.6916,1047220.5022,9.472358026306,99.959198516381,8.2514,31.3500
LSN1292,LSN1,2020.7978142076502,292,-1088138.31798,6196941.00693,1042730.27023,47,605293.7129,1047220.4812,9.472357836212,99.959198710124,8.2643,31.3629
LSN1293,LSN1,2020.8005464480875,293,-1088138.48090,6196940.99999,1042730.32758,47,605293.8744,1047220.5347,9.472358315904,99.959200182330,8.2948,31.3934
LSN1294,LSN1,2020.8032786885246,294,-1088138.34651,6196941.01916,1042730.27942,47,605293.7389,1047220.4876,9.472357892874,99.959198946747,8.2826,31.3812
LSN1295,LSN1,2020.8060109289618,295,-1088138.34110,6196941.02018,1042730.27545,47,605293.7334,1047220.4836,9.472357857427,99.959198896650,8.2820,31.3806
LSN1296,LSN1,2020.808743169399,296,-1088138.32795,6196941.01038,1042730.28345,47,605293.7221,1047220.4935,9.472357946434,99.959198794132,8.2715,31.3701
LSN1297,LSN1,2020.811475409836,297,-1088138.31013,6196941.04177,1042730.28745,47,605293.6991,1047220.4928,9.472357940766,99.959198584847,8.2997,31.3982
LSN1298,LSN1,2020.8142076502731,298,-1088138.34800,6196941.00672,1042730.27380,47,605293.7425,1047220.4840,9.472357860620,99.959198979737,8.2698,31.3684
LSN1299,LSN1,2020.8169398907103,299,-1088138.35866,6196941.07520,1042730.26315,47,605293.7412,1047220.4621,9.472357662547,99.959198967454,8.3364,31.4350
LSN1300,LSN1,2020.8196721311476,300,-1088138.38407,6196941.02024,1042730.28277,47,605293.7757,1047220.4897,9.472357911519,99.959199281897,8.2906,31.3892
LSN1301,LSN1,2020.8224043715848,301,-1088138.32036,6196941.02667,1042730.28502,47,605293.7118,1047220.4926,9.472357938522,99.959198700366,8.2863,31.3849
LSN1302,LSN1,2020.8251366120219,302,-1088138.20008,6196941.03744,1042730.27445,47,605293.5915,1047220.4835,9.472357859438,99.959197604581,8.2745,31.3731
LSN1303,LSN1,2020.827868852459,303,-1088138.27339,6196941.02364,1042730.27614,47,605293.6661,1047220.4855,9.472357875921,99.959198283884,8.2739,31.3725
LSN1304,LSN1,2020.8306010928961,304,-1088138.47126,6196941.06678,1042730.29100,47,605293.8535,1047220.4880,9.472357894283,99.959199990719,8.3520,31.4506
LSN1305,LSN1,2020.8333333333333,305,-1088138.34510,6196941.12310,1042730.33492,47,605293.7194,1047220.5255,9.472358235872,99.959198770388,8.3924,31.4910
LSN1306,LSN1,2020.8360655737704,306,-1088138.31767,6196941.03624,1042730.28566,47,605293.7075,1047220.4917,9.472357930923,99.959198661173,8.2953,31.3939
LSN1307,LSN1,2020.8387978142077,307,-1088138.29111,6196941.03592,1042730.28143,47,605293.6814,1047220.4883,9.472357900568,99.959198423492,8.2897,31.3883
LSN1308,LSN1,2020.8415300546449,308,-1088138.31273,6196941.03742,1042730.28367,47,605293.7024,1047220.4897,9.472357912718,99.959198614980,8.2952,31.3938
LSN1309,LSN1,2020.844262295082,309,-1088138.36510,6196941.01341,1042730.28357,47,605293.7581,1047220.4921,9.472357933559,99.959199122521,8.2808,31.3794
LSN1310,LSN1,2020.8469945355191,310,-1088138.33208,6196940.98438,1042730.27107,47,605293.7307,1047220.4854,9.472357873123,99.959198872134,8.2449,31.3435
LSN1311,LSN1,2020.8497267759562,311,-1088138.30252,6196941.04589,1042730.29040,47,605293.6909,1047220.4952,9.472357962958,99.959198510136,8.3028,31.4014
LSN1312,LSN1,2020.8524590163934,312,-1088138.31742,6196941.06333,1042730.29233,47,605293.7026,1047220.4939,9.472357950763,99.959198616320,8.3226,31.4212
LSN1313,LSN1,2020.8551912568305,313,-1088138.34752,6196941.00053,1042730.27956,47,605293.7431,1047220.4907,9.472357921171,99.959198985128,8.2647,31.3633
LSN1314,LSN1,2020.8579234972678,314,-1088138.34429,6196941.01226,1042730.28648,47,605293.7379,1047220.4957,9.472357966573,99.959198937712,8.2767,31.3752
LSN1315,LSN1,2020.860655737705,315,-1088138.25568,6196941.03844,1042730.28026,47,605293.6461,1047220.4876,9.472357895508,99.959198101726,8.2859,31.3845
LSN1316,LSN1,2020.863387978142,316,-1088138.35494,6196941.03325,1042730.29598,47,605293.7447,1047220.5014,9.472358017798,99.959199000134,8.3004,31.3990
LSN1317,LSN1,2020.8661202185792,317,-1088138.25429,6196941.00872,1042730.26178,47,605293.6499,1047220.4743,9.472357774624,99.959198136016,8.2538,31.3524
LSN1318,LSN1,2020.8688524590164,318,-1088138.20605,6196941.05380,1042730.28528,47,605293.5946,1047220.4913,9.472357930568,99.959197632343,8.2932,31.3918
LSN1319,LSN1,2020.8715846994535,319,-1088138.31192,6196940.99315,1042730.27900,47,605293.7093,1047220.4923,9.472357936214,99.959198677471,8.2513,31.3499
LSN1320,LSN1,2020.8743169398906,320,-1088138.38780,6196941.01359,1042730.26837,47,605293.7805,1047220.4765,9.472357791875,99.959199325875,8.2824,31.3810
LSN1321,LSN1,2020.877049180328,321,-1088138.35144,6196941.00530,1042730.28282,47,605293.7461,1047220.4931,9.472357942236,99.959199012787,8.2705,31.3691
LSN1322,LSN1,2020.879781420765,322,-1088138.35905,6196941.00809,1042730.29380,47,605293.7531,1047220.5032,9.472358034166,99.959199076676,8.2763,31.3749
LSN1323,LSN1,2020.8825136612022,323,-1088138.36112,6196941.04733,1042730.28732,47,605293.7484,1047220.4904,9.472357918309,99.959199033455,8.3137,31.4123
LSN1324,LSN1,2020.8852459016393,324,-1088138.35052,6196941.02363,1042730.28826,47,605293.7420,1047220.4955,9.472357964128,99.959198975655,8.2890,31.3876
LSN1325,LSN1,2020.8879781420765,325,-1088138.39669,6196941.00947,1042730.28192,47,605293.7899,1047220.4903,9.472357916521,99.959199412128,8.2821,31.3807
LSN1326,LSN1,2020.8907103825136,326,-1088138.33169,6196940.98572,1042730.28705,47,605293.7300,1047220.5009,9.472358013753,99.959198866461,8.2488,31.3474
LSN1327,LSN1,2020.8934426229507,327,-1088138.32696,6196941.02910,1042730.29219,47,605293.7179,1047220.4991,9.472357997291,99.959198755716,8.2910,31.3896
LSN1328,LSN1,2020.896174863388,328,-1088138.32020,6196940.98343,1042730.27147,47,605293.7191,1047220.4862,9.472357881134,99.959198767018,8.2421,31.3406
LSN1329,LSN1,2020.8989071038252,329,-1088138.40408,6196940.96730,1042730.29380,47,605293.8045,1047220.5087,9.472358082300,99.959199544801,8.2444,31.3430
LSN1330,LSN1,2020.9016393442623,330,-1088138.38580,6196940.97802,1042730.32941,47,605293.7845,1047220.5426,9.472358388936,99.959199363953,8.2575,31.3561
LSN1331,LSN1,2020.9043715846994,331,-1088138.30132,6196941.01984,1042730.29357,47,605293.6942,1047220.5026,9.472358029732,99.959198540367,8.2778,31.3764
LSN1332,LSN1,2020.9071038251366,332,-1088138.31224,6196941.01290,1042730.27863,47,605293.7062,1047220.4887,9.472357903884,99.959198649261,8.2705,31.3691
LSN1333,LSN1,2020.9098360655737,333,-1088138.34919,6196941.05702,1042730.27191,47,605293.7350,1047220.4740,9.472357769754,99.959198911140,8.3186,31.4172
LSN1334,LSN1,2020.9125683060108,334,-1088138.34701,6196941.02272,1042730.27636,47,605293.7388,1047220.4840,9.472357860301,99.959198945682,8.2856,31.3842
LSN1335,LSN1,2020.9153005464482,335,-1088138.32343,6196940.99778,1042730.27776,47,605293.7198,1047220.4900,9.472357915340,99.959198773438,8.2576,31.3562
LSN1336,LSN1,2020.9180327868853,336,-1088138.33773,6196940.99158,1042730.28576,47,605293.7350,1047220.4985,9.472357992126,99.959198911415,8.2553,31.3539
LSN1337,LSN1,2020.9207650273224,337,-1088138.37011,6196941.01196,1042730.29039,47,605293.7633,1047220.4990,9.472357995179,99.959199169815,8.2814,31.3800
LSN1338,LSN1,2020.9234972677596,338,-1088138.24317,6196941.02592,1042730.29583,47,605293.6359,1047220.5053,9.472358055890,99.959198009179,8.2742,31.3728
LSN1339,LSN1,2020.9262295081967,339,-1088138.36025,6196940.92728,1042730.27872,47,605293.7682,1047220.5015,9.472358017734,99.959199214725,8.1955,31.2941
LSN1340,LSN1,2020.9289617486338,340,-1088138.37937,6196940.99417,1042730.28653,47,605293.7755,1047220.4978,9.472357984474,99.959199280867,8.2651,31.3637
LSN1341,LSN1,2020.931693989071,341,-1088138.33380,6196940.98713,1042730.26099,47,605293.7319,1047220.4749,9.472357778773,99.959198883215,8.2462,31.3448
LSN1344,LSN1,2020.9398907103825,344,-1088138.26337,6196940.96251,1042730.26468,47,605293.6668,1047220.4844,9.472357865856,99.959198290301,8.2109,31.3095
LSN1345,LSN1,2020.9426229508197,345,-1088138.33242,6196941.05915,1042730.29661,47,605293.7180,1047220.4984,9.472357991211,99.959198757360,8.3218,31.4204
LSN1346,LSN1,2020.9453551912568,346,-1088138.27056,6196941.05135,1042730.26769,47,605293.6586,1047220.4727,9.472357760679,99.959198214886,8.2990,31.3975
LSN1347,LSN1,2020.948087431694,347,-1088138.32065,6196941.02142,1042730.29193,47,605293.7130,1047220.5002,9.472358007778,99.959198711269,8.2824,31.3810
LSN1348,LSN1,2020.950819672131,348,-1088138.25902,6196941.03185,1042730.25614,47,605293.6506,1047220.4648,9.472357689181,99.959198142083,8.2761,31.3747
LSN1349,LSN1,2020.9535519125684,349,-1088138.23323,6196941.10065,1042730.31653,47,605293.6132,1047220.5138,9.472358133547,99.959197802367,8.3485,31.4471
LSN1351,LSN1,2020.9590163934427,351,-1088138.21502,6196940.94547,1042730.28300,47,605293.6221,1047220.5065,9.472358066655,99.959197883418,8.1891,31.2877
LSN1355,LSN1,2020.9699453551912,355,-1088138.21317,6196941.02279,1042730.29424,47,605293.6069,1047220.5050,9.472358054036,99.959197745059,8.2658,31.3644
LSN1356,LSN1,2020.9726775956285,356,-1088138.22433,6196941.03342,1042730.27880,47,605293.6161,1047220.4878,9.472357897882,99.959197828393,8.2755,31.3741
LSN1357,LSN1,2020.9754098360656,357,-1088138.34262,6196941.03375,1042730.29114,47,605293.7325,1047220.4969,9.472357977076,99.959198888892,8.2980,31.3966
LSN1358,LSN1,2020.9781420765028,358,-1088138.21856,6196941.15594,1042730.31067,47,605293.5892,1047220.4995,9.472358004033,99.959197583725,8.3988,31.4974
LSN1359,LSN1,2020.98087431694,359,-1088138.34260,6196941.15244,1042730.34166,47,605293.7119,1047220.5274,9.472358253608,99.959198701807,8.4216,31.5202
LSN1360,LSN1,2020.983606557377,360,-1088138.32951,6196940.90482,1042730.26190,47,605293.7419,1047220.4893,9.472357908577,99.959198974364,8.1657,31.2643
LSN1361,LSN1,2020.9863387978141,361,-1088138.28662,6196940.87869,1042730.23554,47,605293.7042,1047220.4687,9.472357722840,99.959198630803,8.1287,31.2273
LSN1365,LSN1,2020.9972677595629,365,-1088138.25243,6196941.09509,1042730.27621,47,605293.6331,1047220.4745,9.472357777227,99.959197983324,8.3398,31.4383
LSN1366,LSN1,2021.0,366,-1088138.23336,6196940.93869,1042730.29031,47,605293.6413,1047220.5143,9.472358137115,99.959198058607,8.1869,31.2855
